<?xml version="1.0" standalone="yes"?>
<SourceScanResultsCache xmlns="http://tempuri.org/SourceScanResults.xsd">
  <SourceScanResults>
    <SourceScanID>1</SourceScanID>
    <ModuleName>Form1.vb</ModuleName>
    <LineNumber>5</LineNumber>
    <ColumnNumber>28</ColumnNumber>
    <StringID>31</StringID>
    <OriginalText>Tem certeza que deseja iniciar um novo documento?</OriginalText>
    <IsHidden>false</IsHidden>
    <IndexOnLine>0</IndexOnLine>
    <StartOfStatement>5</StartOfStatement>
    <EndOfStatement>7</EndOfStatement>
    <IsVerbatim>false</IsVerbatim>
    <IsHiddenBlock>false</IsHiddenBlock>
    <CodeElement>NovoToolStripMenuItem_Click</CodeElement>
    <RelativeLineNumber>2</RelativeLineNumber>
    <IsHiddenString>false</IsHiddenString>
    <IsInterpolatedString>false</IsInterpolatedString>
    <ClassName>TAVUFU.frmMain</ClassName>
    <IsController>false</IsController>
  </SourceScanResults>
  <SourceScanResults>
    <SourceScanID>2</SourceScanID>
    <ModuleName>Form1.vb</ModuleName>
    <LineNumber>7</LineNumber>
    <ColumnNumber>28</ColumnNumber>
    <StringID>32</StringID>
    <OriginalText>Text Editor</OriginalText>
    <IsHidden>false</IsHidden>
    <IndexOnLine>1</IndexOnLine>
    <StartOfStatement>5</StartOfStatement>
    <EndOfStatement>7</EndOfStatement>
    <IsVerbatim>false</IsVerbatim>
    <IsHiddenBlock>false</IsHiddenBlock>
    <CodeElement>NovoToolStripMenuItem_Click</CodeElement>
    <RelativeLineNumber>4</RelativeLineNumber>
    <IsHiddenString>false</IsHiddenString>
    <IsInterpolatedString>false</IsInterpolatedString>
    <ClassName>TAVUFU.frmMain</ClassName>
    <IsController>false</IsController>
  </SourceScanResults>
  <SourceScanResults>
    <SourceScanID>3</SourceScanID>
    <ModuleName>Form1.vb</ModuleName>
    <LineNumber>10</LineNumber>
    <ColumnNumber>24</ColumnNumber>
    <StringID>33</StringID>
    <OriginalText>Editor de Comentários</OriginalText>
    <IsHidden>false</IsHidden>
    <IndexOnLine>0</IndexOnLine>
    <StartOfStatement>10</StartOfStatement>
    <EndOfStatement>10</EndOfStatement>
    <IsVerbatim>false</IsVerbatim>
    <IsHiddenBlock>false</IsHiddenBlock>
    <CodeElement>NovoToolStripMenuItem_Click</CodeElement>
    <RelativeLineNumber>7</RelativeLineNumber>
    <IsHiddenString>false</IsHiddenString>
    <IsInterpolatedString>false</IsInterpolatedString>
    <ClassName>TAVUFU.frmMain</ClassName>
    <IsController>false</IsController>
  </SourceScanResults>
  <SourceScanResults>
    <SourceScanID>4</SourceScanID>
    <ModuleName>Form1.vb</ModuleName>
    <LineNumber>17</LineNumber>
    <ColumnNumber>24</ColumnNumber>
    <OriginalText>Subtitle Files (*.srt)|*.srt|All files (*.*)|*.*</OriginalText>
    <IsHidden>true</IsHidden>
    <IndexOnLine>0</IndexOnLine>
    <StartOfStatement>17</StartOfStatement>
    <EndOfStatement>17</EndOfStatement>
    <IsVerbatim>false</IsVerbatim>
    <IsHiddenBlock>false</IsHiddenBlock>
    <CodeElement>AbrirToolStripMenuItem_Click</CodeElement>
    <RelativeLineNumber>3</RelativeLineNumber>
    <IsHiddenString>false</IsHiddenString>
    <IsInterpolatedString>false</IsInterpolatedString>
    <ClassName>TAVUFU.frmMain</ClassName>
    <IsController>false</IsController>
  </SourceScanResults>
  <SourceScanResults>
    <SourceScanID>5</SourceScanID>
    <ModuleName>Form1.vb</ModuleName>
    <LineNumber>24</LineNumber>
    <ColumnNumber>24</ColumnNumber>
    <StringID>35</StringID>
    <OriginalText>Text Editor - </OriginalText>
    <IsHidden>false</IsHidden>
    <IndexOnLine>0</IndexOnLine>
    <StartOfStatement>24</StartOfStatement>
    <EndOfStatement>24</EndOfStatement>
    <IsVerbatim>false</IsVerbatim>
    <IsHiddenBlock>false</IsHiddenBlock>
    <CodeElement>AbrirToolStripMenuItem_Click</CodeElement>
    <RelativeLineNumber>10</RelativeLineNumber>
    <IsHiddenString>false</IsHiddenString>
    <IsInterpolatedString>false</IsInterpolatedString>
    <ClassName>TAVUFU.frmMain</ClassName>
    <IsController>false</IsController>
  </SourceScanResults>
  <SourceScanResults>
    <SourceScanID>6</SourceScanID>
    <ModuleName>Form1.vb</ModuleName>
    <LineNumber>33</LineNumber>
    <ColumnNumber>28</ColumnNumber>
    <OriginalText>srt</OriginalText>
    <IsHidden>true</IsHidden>
    <IndexOnLine>0</IndexOnLine>
    <StartOfStatement>33</StartOfStatement>
    <EndOfStatement>33</EndOfStatement>
    <IsVerbatim>false</IsVerbatim>
    <IsHiddenBlock>false</IsHiddenBlock>
    <CodeElement>SalvarToolStripMenuItem_Click</CodeElement>
    <RelativeLineNumber>3</RelativeLineNumber>
    <IsHiddenString>false</IsHiddenString>
    <IsInterpolatedString>false</IsInterpolatedString>
    <ClassName>TAVUFU.frmMain</ClassName>
    <IsController>false</IsController>
  </SourceScanResults>
  <SourceScanResults>
    <SourceScanID>7</SourceScanID>
    <ModuleName>Form1.vb</ModuleName>
    <LineNumber>34</LineNumber>
    <ColumnNumber>24</ColumnNumber>
    <OriginalText>Subtitle Files (*.srt)|*.srt|All files (*.*)|*.*</OriginalText>
    <IsHidden>true</IsHidden>
    <IndexOnLine>0</IndexOnLine>
    <StartOfStatement>34</StartOfStatement>
    <EndOfStatement>34</EndOfStatement>
    <IsVerbatim>false</IsVerbatim>
    <IsHiddenBlock>false</IsHiddenBlock>
    <CodeElement>SalvarToolStripMenuItem_Click</CodeElement>
    <RelativeLineNumber>4</RelativeLineNumber>
    <IsHiddenString>false</IsHiddenString>
    <IsInterpolatedString>false</IsInterpolatedString>
    <ClassName>TAVUFU.frmMain</ClassName>
    <IsController>false</IsController>
  </SourceScanResults>
  <SourceScanResults>
    <SourceScanID>8</SourceScanID>
    <ModuleName>Form1.vb</ModuleName>
    <LineNumber>41</LineNumber>
    <ColumnNumber>24</ColumnNumber>
    <StringID>37</StringID>
    <OriginalText>Editor de Comentários - </OriginalText>
    <IsHidden>false</IsHidden>
    <IndexOnLine>0</IndexOnLine>
    <StartOfStatement>41</StartOfStatement>
    <EndOfStatement>41</EndOfStatement>
    <IsVerbatim>false</IsVerbatim>
    <IsHiddenBlock>false</IsHiddenBlock>
    <CodeElement>SalvarToolStripMenuItem_Click</CodeElement>
    <RelativeLineNumber>11</RelativeLineNumber>
    <IsHiddenString>false</IsHiddenString>
    <IsInterpolatedString>false</IsInterpolatedString>
    <ClassName>TAVUFU.frmMain</ClassName>
    <IsController>false</IsController>
  </SourceScanResults>
  <SourceScanResults>
    <SourceScanID>9</SourceScanID>
    <ModuleName>Form1.vb</ModuleName>
    <LineNumber>49</LineNumber>
    <ColumnNumber>28</ColumnNumber>
    <StringID>38</StringID>
    <OriginalText>Tem certeza que deseja sair do editor?</OriginalText>
    <IsHidden>false</IsHidden>
    <IndexOnLine>0</IndexOnLine>
    <StartOfStatement>49</StartOfStatement>
    <EndOfStatement>51</EndOfStatement>
    <IsVerbatim>false</IsVerbatim>
    <IsHiddenBlock>false</IsHiddenBlock>
    <CodeElement>SairToolStripMenuItem_Click</CodeElement>
    <RelativeLineNumber>2</RelativeLineNumber>
    <IsHiddenString>false</IsHiddenString>
    <IsInterpolatedString>false</IsInterpolatedString>
    <ClassName>TAVUFU.frmMain</ClassName>
    <IsController>false</IsController>
  </SourceScanResults>
  <SourceScanResults>
    <SourceScanID>10</SourceScanID>
    <ModuleName>Form1.vb</ModuleName>
    <LineNumber>51</LineNumber>
    <ColumnNumber>28</ColumnNumber>
    <StringID>32</StringID>
    <OriginalText>Text Editor</OriginalText>
    <IsHidden>false</IsHidden>
    <IndexOnLine>1</IndexOnLine>
    <StartOfStatement>49</StartOfStatement>
    <EndOfStatement>51</EndOfStatement>
    <IsVerbatim>false</IsVerbatim>
    <IsHiddenBlock>false</IsHiddenBlock>
    <CodeElement>SairToolStripMenuItem_Click</CodeElement>
    <RelativeLineNumber>4</RelativeLineNumber>
    <IsHiddenString>false</IsHiddenString>
    <IsInterpolatedString>false</IsInterpolatedString>
    <ClassName>TAVUFU.frmMain</ClassName>
    <IsController>false</IsController>
  </SourceScanResults>
  <SourceScanResults>
    <SourceScanID>11</SourceScanID>
    <ModuleName>Form1.vb</ModuleName>
    <LineNumber>78</LineNumber>
    <ColumnNumber>47</ColumnNumber>
    <OriginalText>HH:mm ,dd/MM/yyyy</OriginalText>
    <IsHidden>true</IsHidden>
    <IndexOnLine>0</IndexOnLine>
    <StartOfStatement>78</StartOfStatement>
    <EndOfStatement>78</EndOfStatement>
    <IsVerbatim>false</IsVerbatim>
    <IsHiddenBlock>false</IsHiddenBlock>
    <CodeElement>HoraDataToolStripMenuItem_Click</CodeElement>
    <RelativeLineNumber>1</RelativeLineNumber>
    <IsHiddenString>false</IsHiddenString>
    <IsInterpolatedString>false</IsInterpolatedString>
    <ClassName>TAVUFU.frmMain</ClassName>
    <IsController>false</IsController>
  </SourceScanResults>
  <SourceScanResults>
    <SourceScanID>12</SourceScanID>
    <ModuleName>Form1.vb</ModuleName>
    <LineNumber>116</LineNumber>
    <ColumnNumber>20</ColumnNumber>
    <StringID>40</StringID>
    <OriginalText>Editor de Comentários - Sem Título</OriginalText>
    <IsHidden>false</IsHidden>
    <IndexOnLine>0</IndexOnLine>
    <StartOfStatement>116</StartOfStatement>
    <EndOfStatement>116</EndOfStatement>
    <IsVerbatim>false</IsVerbatim>
    <IsHiddenBlock>false</IsHiddenBlock>
    <CodeElement>frmMain_Load</CodeElement>
    <RelativeLineNumber>2</RelativeLineNumber>
    <IsHiddenString>false</IsHiddenString>
    <IsInterpolatedString>false</IsInterpolatedString>
    <ClassName>TAVUFU.frmMain</ClassName>
    <IsController>false</IsController>
  </SourceScanResults>
  <SourceScanResults>
    <SourceScanID>13</SourceScanID>
    <ModuleName>Form1.vb</ModuleName>
    <LineNumber>123</LineNumber>
    <ColumnNumber>35</ColumnNumber>
    <StringID>41</StringID>
    <OriginalText>Insira o texto a ser colocado como comentário na parte central inferior:</OriginalText>
    <IsHidden>false</IsHidden>
    <IndexOnLine>0</IndexOnLine>
    <StartOfStatement>123</StartOfStatement>
    <EndOfStatement>123</EndOfStatement>
    <IsVerbatim>false</IsVerbatim>
    <IsHiddenBlock>false</IsHiddenBlock>
    <CodeElement>CentroInferiorToolStripMenuItem_Click</CodeElement>
    <RelativeLineNumber>3</RelativeLineNumber>
    <IsHiddenString>false</IsHiddenString>
    <IsInterpolatedString>false</IsInterpolatedString>
    <ClassName>TAVUFU.frmMain</ClassName>
    <IsController>false</IsController>
  </SourceScanResults>
  <SourceScanResults>
    <SourceScanID>14</SourceScanID>
    <ModuleName>Form1.vb</ModuleName>
    <LineNumber>134</LineNumber>
    <ColumnNumber>35</ColumnNumber>
    <StringID>42</StringID>
    <OriginalText>Insira o texto a ser colocado como comentário na parte direita inferior:</OriginalText>
    <IsHidden>false</IsHidden>
    <IndexOnLine>0</IndexOnLine>
    <StartOfStatement>134</StartOfStatement>
    <EndOfStatement>134</EndOfStatement>
    <IsVerbatim>false</IsVerbatim>
    <IsHiddenBlock>false</IsHiddenBlock>
    <CodeElement>DireitaInferiorToolStripMenuItem1_Click</CodeElement>
    <RelativeLineNumber>3</RelativeLineNumber>
    <IsHiddenString>false</IsHiddenString>
    <IsInterpolatedString>false</IsInterpolatedString>
    <ClassName>TAVUFU.frmMain</ClassName>
    <IsController>false</IsController>
  </SourceScanResults>
  <SourceScanResults>
    <SourceScanID>15</SourceScanID>
    <ModuleName>Form1.vb</ModuleName>
    <LineNumber>135</LineNumber>
    <ColumnNumber>32</ColumnNumber>
    <OriginalText>{\an3}</OriginalText>
    <IsHidden>true</IsHidden>
    <IndexOnLine>0</IndexOnLine>
    <StartOfStatement>135</StartOfStatement>
    <EndOfStatement>135</EndOfStatement>
    <IsVerbatim>false</IsVerbatim>
    <IsHiddenBlock>false</IsHiddenBlock>
    <CodeElement>DireitaInferiorToolStripMenuItem1_Click</CodeElement>
    <RelativeLineNumber>4</RelativeLineNumber>
    <IsHiddenString>false</IsHiddenString>
    <IsInterpolatedString>false</IsInterpolatedString>
    <ClassName>TAVUFU.frmMain</ClassName>
    <IsController>false</IsController>
  </SourceScanResults>
  <SourceScanResults>
    <SourceScanID>16</SourceScanID>
    <ModuleName>Form1.vb</ModuleName>
    <LineNumber>145</LineNumber>
    <ColumnNumber>35</ColumnNumber>
    <StringID>44</StringID>
    <OriginalText>Insira o texto a ser colocado como comentário na parte esquerda superior:</OriginalText>
    <IsHidden>false</IsHidden>
    <IndexOnLine>0</IndexOnLine>
    <StartOfStatement>145</StartOfStatement>
    <EndOfStatement>145</EndOfStatement>
    <IsVerbatim>false</IsVerbatim>
    <IsHiddenBlock>false</IsHiddenBlock>
    <CodeElement>EsquerdaSuperiorToolStripMenuItem2_Click</CodeElement>
    <RelativeLineNumber>3</RelativeLineNumber>
    <IsHiddenString>false</IsHiddenString>
    <IsInterpolatedString>false</IsInterpolatedString>
    <ClassName>TAVUFU.frmMain</ClassName>
    <IsController>false</IsController>
  </SourceScanResults>
  <SourceScanResults>
    <SourceScanID>17</SourceScanID>
    <ModuleName>Form1.vb</ModuleName>
    <LineNumber>146</LineNumber>
    <ColumnNumber>32</ColumnNumber>
    <OriginalText>{\an7}</OriginalText>
    <IsHidden>true</IsHidden>
    <IndexOnLine>0</IndexOnLine>
    <StartOfStatement>146</StartOfStatement>
    <EndOfStatement>146</EndOfStatement>
    <IsVerbatim>false</IsVerbatim>
    <IsHiddenBlock>false</IsHiddenBlock>
    <CodeElement>EsquerdaSuperiorToolStripMenuItem2_Click</CodeElement>
    <RelativeLineNumber>4</RelativeLineNumber>
    <IsHiddenString>false</IsHiddenString>
    <IsInterpolatedString>false</IsInterpolatedString>
    <ClassName>TAVUFU.frmMain</ClassName>
    <IsController>false</IsController>
  </SourceScanResults>
  <SourceScanResults>
    <SourceScanID>18</SourceScanID>
    <ModuleName>Form1.vb</ModuleName>
    <LineNumber>157</LineNumber>
    <ColumnNumber>35</ColumnNumber>
    <StringID>46</StringID>
    <OriginalText>Insira o texto a ser colocado como comentário na parte direita superior:</OriginalText>
    <IsHidden>false</IsHidden>
    <IndexOnLine>0</IndexOnLine>
    <StartOfStatement>157</StartOfStatement>
    <EndOfStatement>157</EndOfStatement>
    <IsVerbatim>false</IsVerbatim>
    <IsHiddenBlock>false</IsHiddenBlock>
    <CodeElement>DireitaSuperiorToolStripMenuItem1_Click</CodeElement>
    <RelativeLineNumber>3</RelativeLineNumber>
    <IsHiddenString>false</IsHiddenString>
    <IsInterpolatedString>false</IsInterpolatedString>
    <ClassName>TAVUFU.frmMain</ClassName>
    <IsController>false</IsController>
  </SourceScanResults>
  <SourceScanResults>
    <SourceScanID>19</SourceScanID>
    <ModuleName>Form1.vb</ModuleName>
    <LineNumber>158</LineNumber>
    <ColumnNumber>32</ColumnNumber>
    <OriginalText>{\an9}</OriginalText>
    <IsHidden>true</IsHidden>
    <IndexOnLine>0</IndexOnLine>
    <StartOfStatement>158</StartOfStatement>
    <EndOfStatement>158</EndOfStatement>
    <IsVerbatim>false</IsVerbatim>
    <IsHiddenBlock>false</IsHiddenBlock>
    <CodeElement>DireitaSuperiorToolStripMenuItem1_Click</CodeElement>
    <RelativeLineNumber>4</RelativeLineNumber>
    <IsHiddenString>false</IsHiddenString>
    <IsInterpolatedString>false</IsInterpolatedString>
    <ClassName>TAVUFU.frmMain</ClassName>
    <IsController>false</IsController>
  </SourceScanResults>
  <SourceScanResults>
    <SourceScanID>20</SourceScanID>
    <ModuleName>Form1.vb</ModuleName>
    <LineNumber>168</LineNumber>
    <ColumnNumber>35</ColumnNumber>
    <StringID>48</StringID>
    <OriginalText>Insira o texto a ser colocado como comentário na parte central superior:</OriginalText>
    <IsHidden>false</IsHidden>
    <IndexOnLine>0</IndexOnLine>
    <StartOfStatement>168</StartOfStatement>
    <EndOfStatement>168</EndOfStatement>
    <IsVerbatim>false</IsVerbatim>
    <IsHiddenBlock>false</IsHiddenBlock>
    <CodeElement>CentroSuperiorToolStripMenuItem_Click</CodeElement>
    <RelativeLineNumber>3</RelativeLineNumber>
    <IsHiddenString>false</IsHiddenString>
    <IsInterpolatedString>false</IsInterpolatedString>
    <ClassName>TAVUFU.frmMain</ClassName>
    <IsController>false</IsController>
  </SourceScanResults>
  <SourceScanResults>
    <SourceScanID>21</SourceScanID>
    <ModuleName>Form1.vb</ModuleName>
    <LineNumber>169</LineNumber>
    <ColumnNumber>32</ColumnNumber>
    <OriginalText>{\an8}</OriginalText>
    <IsHidden>true</IsHidden>
    <IndexOnLine>0</IndexOnLine>
    <StartOfStatement>169</StartOfStatement>
    <EndOfStatement>169</EndOfStatement>
    <IsVerbatim>false</IsVerbatim>
    <IsHiddenBlock>false</IsHiddenBlock>
    <CodeElement>CentroSuperiorToolStripMenuItem_Click</CodeElement>
    <RelativeLineNumber>4</RelativeLineNumber>
    <IsHiddenString>false</IsHiddenString>
    <IsInterpolatedString>false</IsInterpolatedString>
    <ClassName>TAVUFU.frmMain</ClassName>
    <IsController>false</IsController>
  </SourceScanResults>
  <SourceScanResults>
    <SourceScanID>22</SourceScanID>
    <ModuleName>Form1.vb</ModuleName>
    <LineNumber>179</LineNumber>
    <ColumnNumber>35</ColumnNumber>
    <StringID>50</StringID>
    <OriginalText>Insira o texto a ser colocado como comentário na parte esquerda inferior:</OriginalText>
    <IsHidden>false</IsHidden>
    <IndexOnLine>0</IndexOnLine>
    <StartOfStatement>179</StartOfStatement>
    <EndOfStatement>179</EndOfStatement>
    <IsVerbatim>false</IsVerbatim>
    <IsHiddenBlock>false</IsHiddenBlock>
    <CodeElement>EsquerdaInferiorToolStripMenuItem2_Click</CodeElement>
    <RelativeLineNumber>3</RelativeLineNumber>
    <IsHiddenString>false</IsHiddenString>
    <IsInterpolatedString>false</IsInterpolatedString>
    <ClassName>TAVUFU.frmMain</ClassName>
    <IsController>false</IsController>
  </SourceScanResults>
  <SourceScanResults>
    <SourceScanID>23</SourceScanID>
    <ModuleName>Form1.vb</ModuleName>
    <LineNumber>180</LineNumber>
    <ColumnNumber>32</ColumnNumber>
    <OriginalText>{\an1}</OriginalText>
    <IsHidden>true</IsHidden>
    <IndexOnLine>0</IndexOnLine>
    <StartOfStatement>180</StartOfStatement>
    <EndOfStatement>180</EndOfStatement>
    <IsVerbatim>false</IsVerbatim>
    <IsHiddenBlock>false</IsHiddenBlock>
    <CodeElement>EsquerdaInferiorToolStripMenuItem2_Click</CodeElement>
    <RelativeLineNumber>4</RelativeLineNumber>
    <IsHiddenString>false</IsHiddenString>
    <IsInterpolatedString>false</IsInterpolatedString>
    <ClassName>TAVUFU.frmMain</ClassName>
    <IsController>false</IsController>
  </SourceScanResults>
  <SourceScanResults>
    <SourceScanID>24</SourceScanID>
    <ModuleName>MlString.vb</ModuleName>
    <LineNumber>8</LineNumber>
    <ColumnNumber>40</ColumnNumber>
    <OriginalText>TAVUFU</OriginalText>
    <IsHidden>true</IsHidden>
    <IndexOnLine>0</IndexOnLine>
    <StartOfStatement>8</StartOfStatement>
    <EndOfStatement>8</EndOfStatement>
    <IsVerbatim>false</IsVerbatim>
    <IsHiddenBlock>false</IsHiddenBlock>
    <CodeElement>RootNamespace</CodeElement>
    <RelativeLineNumber>0</RelativeLineNumber>
    <IsHiddenString>false</IsHiddenString>
    <IsInterpolatedString>false</IsInterpolatedString>
    <ClassName />
    <IsController>false</IsController>
  </SourceScanResults>
  <SourceScanResults>
    <SourceScanID>25</SourceScanID>
    <ModuleName>MlString.vb</ModuleName>
    <LineNumber>13</LineNumber>
    <ColumnNumber>59</ColumnNumber>
    <OriginalText>.MultiLang</OriginalText>
    <IsHidden>true</IsHidden>
    <IndexOnLine>0</IndexOnLine>
    <StartOfStatement>13</StartOfStatement>
    <EndOfStatement>13</EndOfStatement>
    <IsVerbatim>false</IsVerbatim>
    <IsHiddenBlock>false</IsHiddenBlock>
    <CodeElement>New</CodeElement>
    <RelativeLineNumber>2</RelativeLineNumber>
    <IsHiddenString>false</IsHiddenString>
    <IsInterpolatedString>false</IsInterpolatedString>
    <ClassName />
    <IsController>false</IsController>
  </SourceScanResults>
  <SourceScanResults>
    <SourceScanID>26</SourceScanID>
    <ModuleName>MlString.vb</ModuleName>
    <LineNumber>15</LineNumber>
    <ColumnNumber>43</ColumnNumber>
    <OriginalText>MultiLang</OriginalText>
    <IsHidden>true</IsHidden>
    <IndexOnLine>0</IndexOnLine>
    <StartOfStatement>15</StartOfStatement>
    <EndOfStatement>15</EndOfStatement>
    <IsVerbatim>false</IsVerbatim>
    <IsHiddenBlock>false</IsHiddenBlock>
    <CodeElement>New</CodeElement>
    <RelativeLineNumber>4</RelativeLineNumber>
    <IsHiddenString>false</IsHiddenString>
    <IsInterpolatedString>false</IsInterpolatedString>
    <ClassName />
    <IsController>false</IsController>
  </SourceScanResults>
  <SourceScanResults>
    <SourceScanID>27</SourceScanID>
    <ModuleName>MlString.vb</ModuleName>
    <LineNumber>28</LineNumber>
    <ColumnNumber>34</ColumnNumber>
    <OriginalText>_</OriginalText>
    <IsHidden>true</IsHidden>
    <IndexOnLine>0</IndexOnLine>
    <StartOfStatement>28</StartOfStatement>
    <EndOfStatement>28</EndOfStatement>
    <IsVerbatim>false</IsVerbatim>
    <IsHiddenBlock>false</IsHiddenBlock>
    <CodeElement>ml_resource</CodeElement>
    <RelativeLineNumber>1</RelativeLineNumber>
    <IsHiddenString>false</IsHiddenString>
    <IsInterpolatedString>false</IsInterpolatedString>
    <ClassName />
    <IsController>false</IsController>
  </SourceScanResults>
  <SourceScanResults>
    <SourceScanID>28</SourceScanID>
    <ModuleName>MlString.vb</ModuleName>
    <LineNumber>31</LineNumber>
    <ColumnNumber>46</ColumnNumber>
    <OriginalText>pt-BR</OriginalText>
    <IsHidden>true</IsHidden>
    <IndexOnLine>0</IndexOnLine>
    <StartOfStatement>31</StartOfStatement>
    <EndOfStatement>31</EndOfStatement>
    <IsVerbatim>false</IsVerbatim>
    <IsHiddenBlock>false</IsHiddenBlock>
    <CodeElement>SupportedCultures</CodeElement>
    <RelativeLineNumber>0</RelativeLineNumber>
    <IsHiddenString>false</IsHiddenString>
    <IsInterpolatedString>false</IsInterpolatedString>
    <ClassName />
    <IsController>false</IsController>
  </SourceScanResults>
</SourceScanResultsCache>