<?xml version="1.0" standalone="yes"?>
<MdbTranslationStore xmlns="http://tempuri.org/MdbTranslationStore.xsd">
  <GeneralIds>
    <StringID>1</StringID>
  </GeneralIds>
  <GeneralIds>
    <StringID>2</StringID>
  </GeneralIds>
  <GeneralIds>
    <StringID>3</StringID>
  </GeneralIds>
  <GeneralIds>
    <StringID>4</StringID>
  </GeneralIds>
  <GeneralIds>
    <StringID>5</StringID>
  </GeneralIds>
  <GeneralIds>
    <StringID>6</StringID>
  </GeneralIds>
  <GeneralIds>
    <StringID>7</StringID>
  </GeneralIds>
  <GeneralIds>
    <StringID>8</StringID>
  </GeneralIds>
  <GeneralIds>
    <StringID>9</StringID>
  </GeneralIds>
  <GeneralIds>
    <StringID>10</StringID>
  </GeneralIds>
  <GeneralIds>
    <StringID>11</StringID>
  </GeneralIds>
  <GeneralIds>
    <StringID>12</StringID>
  </GeneralIds>
  <GeneralIds>
    <StringID>13</StringID>
  </GeneralIds>
  <GeneralIds>
    <StringID>14</StringID>
  </GeneralIds>
  <GeneralIds>
    <StringID>15</StringID>
  </GeneralIds>
  <GeneralIds>
    <StringID>16</StringID>
  </GeneralIds>
  <GeneralIds>
    <StringID>17</StringID>
  </GeneralIds>
  <GeneralIds>
    <StringID>18</StringID>
  </GeneralIds>
  <GeneralIds>
    <StringID>19</StringID>
  </GeneralIds>
  <GeneralIds>
    <StringID>20</StringID>
  </GeneralIds>
  <GeneralIds>
    <StringID>21</StringID>
  </GeneralIds>
  <GeneralIds>
    <StringID>22</StringID>
  </GeneralIds>
  <GeneralIds>
    <StringID>23</StringID>
  </GeneralIds>
  <GeneralIds>
    <StringID>24</StringID>
  </GeneralIds>
  <GeneralIds>
    <StringID>25</StringID>
  </GeneralIds>
  <GeneralIds>
    <StringID>26</StringID>
  </GeneralIds>
  <GeneralIds>
    <StringID>27</StringID>
  </GeneralIds>
  <GeneralIds>
    <StringID>28</StringID>
  </GeneralIds>
  <GeneralIds>
    <StringID>29</StringID>
  </GeneralIds>
  <GeneralIds>
    <StringID>30</StringID>
  </GeneralIds>
  <GeneralIds>
    <StringID>31</StringID>
  </GeneralIds>
  <GeneralIds>
    <StringID>32</StringID>
  </GeneralIds>
  <GeneralIds>
    <StringID>33</StringID>
  </GeneralIds>
  <GeneralIds>
    <StringID>34</StringID>
  </GeneralIds>
  <GeneralIds>
    <StringID>35</StringID>
  </GeneralIds>
  <GeneralIds>
    <StringID>36</StringID>
  </GeneralIds>
  <GeneralIds>
    <StringID>37</StringID>
  </GeneralIds>
  <GeneralIds>
    <StringID>38</StringID>
  </GeneralIds>
  <GeneralIds>
    <StringID>39</StringID>
  </GeneralIds>
  <GeneralIds>
    <StringID>40</StringID>
  </GeneralIds>
  <GeneralIds>
    <StringID>41</StringID>
  </GeneralIds>
  <GeneralIds>
    <StringID>42</StringID>
  </GeneralIds>
  <GeneralIds>
    <StringID>43</StringID>
  </GeneralIds>
  <GeneralIds>
    <StringID>44</StringID>
  </GeneralIds>
  <GeneralIds>
    <StringID>45</StringID>
  </GeneralIds>
  <GeneralIds>
    <StringID>46</StringID>
  </GeneralIds>
  <GeneralIds>
    <StringID>47</StringID>
  </GeneralIds>
  <GeneralIds>
    <StringID>48</StringID>
  </GeneralIds>
  <GeneralIds>
    <StringID>49</StringID>
  </GeneralIds>
  <GeneralIds>
    <StringID>50</StringID>
  </GeneralIds>
  <GeneralIds>
    <StringID>51</StringID>
  </GeneralIds>
  <Languages>
    <LanguageID>1046</LanguageID>
    <LanguageName>Portuguese (Brazil)</LanguageName>
    <IetfLanguageTag>pt-BR</IetfLanguageTag>
    <ColumnNumber>0</ColumnNumber>
  </Languages>
  <Languages>
    <LanguageID>9</LanguageID>
    <LanguageName>English</LanguageName>
    <IetfLanguageTag>en</IetfLanguageTag>
    <ColumnNumber>1</ColumnNumber>
  </Languages>
  <GeneralTexts>
    <StringID>1</StringID>
    <LanguageID>1046</LanguageID>
    <LanguageText>Neste campo haverá um texto a ser preenchido.Neste campo haverá um texto a ser preenchido.Neste campo haverá um texto a ser preenchido.Neste campo haverá um texto a ser preenchido.Neste campo haverá um texto a ser preenchido.</LanguageText>
    <Status>1</Status>
  </GeneralTexts>
  <GeneralTexts>
    <StringID>2</StringID>
    <LanguageID>1046</LanguageID>
    <LanguageText>TAV UFU v1.0</LanguageText>
    <Status>1</Status>
  </GeneralTexts>
  <GeneralTexts>
    <StringID>3</StringID>
    <LanguageID>1046</LanguageID>
    <LanguageText>Novo...</LanguageText>
    <Status>1</Status>
  </GeneralTexts>
  <GeneralTexts>
    <StringID>4</StringID>
    <LanguageID>1046</LanguageID>
    <LanguageText>Abrir...</LanguageText>
    <Status>1</Status>
  </GeneralTexts>
  <GeneralTexts>
    <StringID>5</StringID>
    <LanguageID>1046</LanguageID>
    <LanguageText>Salvar...</LanguageText>
    <Status>1</Status>
  </GeneralTexts>
  <GeneralTexts>
    <StringID>6</StringID>
    <LanguageID>1046</LanguageID>
    <LanguageText>Sair</LanguageText>
    <Status>1</Status>
  </GeneralTexts>
  <GeneralTexts>
    <StringID>7</StringID>
    <LanguageID>1046</LanguageID>
    <LanguageText>Arquivo</LanguageText>
    <Status>1</Status>
  </GeneralTexts>
  <GeneralTexts>
    <StringID>8</StringID>
    <LanguageID>1046</LanguageID>
    <LanguageText>Recortar</LanguageText>
    <Status>1</Status>
  </GeneralTexts>
  <GeneralTexts>
    <StringID>9</StringID>
    <LanguageID>1046</LanguageID>
    <LanguageText>Copiar</LanguageText>
    <Status>1</Status>
  </GeneralTexts>
  <GeneralTexts>
    <StringID>10</StringID>
    <LanguageID>1046</LanguageID>
    <LanguageText>Colar</LanguageText>
    <Status>1</Status>
  </GeneralTexts>
  <GeneralTexts>
    <StringID>11</StringID>
    <LanguageID>1046</LanguageID>
    <LanguageText>Deletar</LanguageText>
    <Status>1</Status>
  </GeneralTexts>
  <GeneralTexts>
    <StringID>12</StringID>
    <LanguageID>1046</LanguageID>
    <LanguageText>Inferior</LanguageText>
    <Status>1</Status>
  </GeneralTexts>
  <GeneralTexts>
    <StringID>13</StringID>
    <LanguageID>1046</LanguageID>
    <LanguageText>Superior</LanguageText>
    <Status>1</Status>
  </GeneralTexts>
  <GeneralTexts>
    <StringID>14</StringID>
    <LanguageID>1046</LanguageID>
    <LanguageText>Centro...</LanguageText>
    <Status>1</Status>
  </GeneralTexts>
  <GeneralTexts>
    <StringID>15</StringID>
    <LanguageID>1046</LanguageID>
    <LanguageText>Direita...</LanguageText>
    <Status>1</Status>
  </GeneralTexts>
  <GeneralTexts>
    <StringID>16</StringID>
    <LanguageID>1046</LanguageID>
    <LanguageText>Esquerda...</LanguageText>
    <Status>1</Status>
  </GeneralTexts>
  <GeneralTexts>
    <StringID>17</StringID>
    <LanguageID>1046</LanguageID>
    <LanguageText>Inserir comentário...</LanguageText>
    <Status>1</Status>
  </GeneralTexts>
  <GeneralTexts>
    <StringID>18</StringID>
    <LanguageID>1046</LanguageID>
    <LanguageText>Selecionar Tudo</LanguageText>
    <Status>1</Status>
  </GeneralTexts>
  <GeneralTexts>
    <StringID>19</StringID>
    <LanguageID>1046</LanguageID>
    <LanguageText>Hora/Data</LanguageText>
    <Status>1</Status>
  </GeneralTexts>
  <GeneralTexts>
    <StringID>20</StringID>
    <LanguageID>1046</LanguageID>
    <LanguageText>Editar</LanguageText>
    <Status>1</Status>
  </GeneralTexts>
  <GeneralTexts>
    <StringID>21</StringID>
    <LanguageID>1046</LanguageID>
    <LanguageText>Fonte...</LanguageText>
    <Status>1</Status>
  </GeneralTexts>
  <GeneralTexts>
    <StringID>22</StringID>
    <LanguageID>1046</LanguageID>
    <LanguageText>Cor...</LanguageText>
    <Status>1</Status>
  </GeneralTexts>
  <GeneralTexts>
    <StringID>23</StringID>
    <LanguageID>1046</LanguageID>
    <LanguageText>Plano de Fundo...</LanguageText>
    <Status>1</Status>
  </GeneralTexts>
  <GeneralTexts>
    <StringID>24</StringID>
    <LanguageID>1046</LanguageID>
    <LanguageText>Formatar</LanguageText>
    <Status>1</Status>
  </GeneralTexts>
  <GeneralTexts>
    <StringID>25</StringID>
    <LanguageID>1046</LanguageID>
    <LanguageText>Selecionar Idioma</LanguageText>
    <Status>1</Status>
  </GeneralTexts>
  <GeneralTexts>
    <StringID>26</StringID>
    <LanguageID>1046</LanguageID>
    <LanguageText>Idioma</LanguageText>
    <Status>1</Status>
  </GeneralTexts>
  <GeneralTexts>
    <StringID>27</StringID>
    <LanguageID>1046</LanguageID>
    <LanguageText>Sobre</LanguageText>
    <Status>1</Status>
  </GeneralTexts>
  <GeneralTexts>
    <StringID>28</StringID>
    <LanguageID>1046</LanguageID>
    <LanguageText>MenuStrip1</LanguageText>
    <Status>1</Status>
  </GeneralTexts>
  <GeneralTexts>
    <StringID>29</StringID>
    <LanguageID>1046</LanguageID>
    <LanguageText>Titulo a ser preenchido</LanguageText>
    <Status>1</Status>
  </GeneralTexts>
  <GeneralTexts>
    <StringID>30</StringID>
    <LanguageID>1046</LanguageID>
    <LanguageText>TAV UFU</LanguageText>
    <Status>1</Status>
  </GeneralTexts>
  <GeneralTexts>
    <StringID>31</StringID>
    <LanguageID>1046</LanguageID>
    <LanguageText>Tem certeza que deseja iniciar um novo documento?</LanguageText>
    <Status>1</Status>
  </GeneralTexts>
  <GeneralTexts>
    <StringID>32</StringID>
    <LanguageID>1046</LanguageID>
    <LanguageText>Text Editor</LanguageText>
    <Status>1</Status>
  </GeneralTexts>
  <GeneralTexts>
    <StringID>33</StringID>
    <LanguageID>1046</LanguageID>
    <LanguageText>Editor de Comentários</LanguageText>
    <Status>1</Status>
  </GeneralTexts>
  <GeneralTexts>
    <StringID>34</StringID>
    <LanguageID>1046</LanguageID>
    <LanguageText>Subtitle Files (*.srt)|*.srt|All files (*.*)|*.*</LanguageText>
    <Status>1</Status>
  </GeneralTexts>
  <GeneralTexts>
    <StringID>35</StringID>
    <LanguageID>1046</LanguageID>
    <LanguageText>Text Editor - </LanguageText>
    <Status>1</Status>
  </GeneralTexts>
  <GeneralTexts>
    <StringID>36</StringID>
    <LanguageID>1046</LanguageID>
    <LanguageText>srt</LanguageText>
    <Status>1</Status>
  </GeneralTexts>
  <GeneralTexts>
    <StringID>37</StringID>
    <LanguageID>1046</LanguageID>
    <LanguageText>Editor de Comentários - </LanguageText>
    <Status>1</Status>
  </GeneralTexts>
  <GeneralTexts>
    <StringID>38</StringID>
    <LanguageID>1046</LanguageID>
    <LanguageText>Tem certeza que deseja sair do editor?</LanguageText>
    <Status>1</Status>
  </GeneralTexts>
  <GeneralTexts>
    <StringID>39</StringID>
    <LanguageID>1046</LanguageID>
    <LanguageText>HH:mm ,dd/MM/yyyy</LanguageText>
    <Status>1</Status>
  </GeneralTexts>
  <GeneralTexts>
    <StringID>40</StringID>
    <LanguageID>1046</LanguageID>
    <LanguageText>Editor de Comentários - Sem Título</LanguageText>
    <Status>1</Status>
  </GeneralTexts>
  <GeneralTexts>
    <StringID>41</StringID>
    <LanguageID>1046</LanguageID>
    <LanguageText>Insira o texto a ser colocado como comentário na parte central inferior:</LanguageText>
    <Status>1</Status>
  </GeneralTexts>
  <GeneralTexts>
    <StringID>42</StringID>
    <LanguageID>1046</LanguageID>
    <LanguageText>Insira o texto a ser colocado como comentário na parte direita inferior:</LanguageText>
    <Status>1</Status>
  </GeneralTexts>
  <GeneralTexts>
    <StringID>43</StringID>
    <LanguageID>1046</LanguageID>
    <LanguageText>{\an3}</LanguageText>
    <Status>1</Status>
  </GeneralTexts>
  <GeneralTexts>
    <StringID>44</StringID>
    <LanguageID>1046</LanguageID>
    <LanguageText>Insira o texto a ser colocado como comentário na parte esquerda superior:</LanguageText>
    <Status>1</Status>
  </GeneralTexts>
  <GeneralTexts>
    <StringID>45</StringID>
    <LanguageID>1046</LanguageID>
    <LanguageText>{\an7}</LanguageText>
    <Status>1</Status>
  </GeneralTexts>
  <GeneralTexts>
    <StringID>46</StringID>
    <LanguageID>1046</LanguageID>
    <LanguageText>Insira o texto a ser colocado como comentário na parte direita superior:</LanguageText>
    <Status>1</Status>
  </GeneralTexts>
  <GeneralTexts>
    <StringID>47</StringID>
    <LanguageID>1046</LanguageID>
    <LanguageText>{\an9}</LanguageText>
    <Status>1</Status>
  </GeneralTexts>
  <GeneralTexts>
    <StringID>48</StringID>
    <LanguageID>1046</LanguageID>
    <LanguageText>Insira o texto a ser colocado como comentário na parte central superior:</LanguageText>
    <Status>1</Status>
  </GeneralTexts>
  <GeneralTexts>
    <StringID>49</StringID>
    <LanguageID>1046</LanguageID>
    <LanguageText>{\an8}</LanguageText>
    <Status>1</Status>
  </GeneralTexts>
  <GeneralTexts>
    <StringID>50</StringID>
    <LanguageID>1046</LanguageID>
    <LanguageText>Insira o texto a ser colocado como comentário na parte esquerda inferior:</LanguageText>
    <Status>1</Status>
  </GeneralTexts>
  <GeneralTexts>
    <StringID>51</StringID>
    <LanguageID>1046</LanguageID>
    <LanguageText>{\an1}</LanguageText>
    <Status>1</Status>
  </GeneralTexts>
  <GeneralTexts>
    <StringID>4</StringID>
    <LanguageID>9</LanguageID>
    <LanguageText>Open...</LanguageText>
    <Status>5</Status>
  </GeneralTexts>
  <GeneralTexts>
    <StringID>7</StringID>
    <LanguageID>9</LanguageID>
    <LanguageText>Archive</LanguageText>
    <Status>5</Status>
  </GeneralTexts>
  <GeneralTexts>
    <StringID>12</StringID>
    <LanguageID>9</LanguageID>
    <LanguageText>Bottom</LanguageText>
    <Status>5</Status>
  </GeneralTexts>
  <GeneralTexts>
    <StringID>14</StringID>
    <LanguageID>9</LanguageID>
    <LanguageText>Center...</LanguageText>
    <Status>5</Status>
  </GeneralTexts>
  <GeneralTexts>
    <StringID>13</StringID>
    <LanguageID>9</LanguageID>
    <LanguageText>Higher</LanguageText>
    <Status>5</Status>
  </GeneralTexts>
  <GeneralTexts>
    <StringID>10</StringID>
    <LanguageID>9</LanguageID>
    <LanguageText>Necklace</LanguageText>
    <Status>5</Status>
  </GeneralTexts>
  <GeneralTexts>
    <StringID>9</StringID>
    <LanguageID>9</LanguageID>
    <LanguageText>Copy</LanguageText>
    <Status>5</Status>
  </GeneralTexts>
  <GeneralTexts>
    <StringID>22</StringID>
    <LanguageID>9</LanguageID>
    <LanguageText>Color...</LanguageText>
    <Status>5</Status>
  </GeneralTexts>
  <GeneralTexts>
    <StringID>11</StringID>
    <LanguageID>9</LanguageID>
    <LanguageText>Delete</LanguageText>
    <Status>5</Status>
  </GeneralTexts>
  <GeneralTexts>
    <StringID>15</StringID>
    <LanguageID>9</LanguageID>
    <LanguageText>Right ...</LanguageText>
    <Status>5</Status>
  </GeneralTexts>
  <GeneralTexts>
    <StringID>20</StringID>
    <LanguageID>9</LanguageID>
    <LanguageText>To edit</LanguageText>
    <Status>5</Status>
  </GeneralTexts>
  <GeneralTexts>
    <StringID>16</StringID>
    <LanguageID>9</LanguageID>
    <LanguageText>Left...</LanguageText>
    <Status>5</Status>
  </GeneralTexts>
  <GeneralTexts>
    <StringID>21</StringID>
    <LanguageID>9</LanguageID>
    <LanguageText>Source...</LanguageText>
    <Status>5</Status>
  </GeneralTexts>
  <GeneralTexts>
    <StringID>24</StringID>
    <LanguageID>9</LanguageID>
    <LanguageText>Format</LanguageText>
    <Status>5</Status>
  </GeneralTexts>
  <GeneralTexts>
    <StringID>19</StringID>
    <LanguageID>9</LanguageID>
    <LanguageText>Time / Date</LanguageText>
    <Status>5</Status>
  </GeneralTexts>
  <GeneralTexts>
    <StringID>3</StringID>
    <LanguageID>9</LanguageID>
    <LanguageText>New...</LanguageText>
    <Status>5</Status>
  </GeneralTexts>
  <GeneralTexts>
    <StringID>23</StringID>
    <LanguageID>9</LanguageID>
    <LanguageText>Background...</LanguageText>
    <Status>5</Status>
  </GeneralTexts>
  <GeneralTexts>
    <StringID>17</StringID>
    <LanguageID>9</LanguageID>
    <LanguageText>Insert comment ...</LanguageText>
    <Status>5</Status>
  </GeneralTexts>
  <GeneralTexts>
    <StringID>8</StringID>
    <LanguageID>9</LanguageID>
    <LanguageText>Trim</LanguageText>
    <Status>5</Status>
  </GeneralTexts>
  <GeneralTexts>
    <StringID>6</StringID>
    <LanguageID>9</LanguageID>
    <LanguageText>Get out</LanguageText>
    <Status>5</Status>
  </GeneralTexts>
  <GeneralTexts>
    <StringID>5</StringID>
    <LanguageID>9</LanguageID>
    <LanguageText>To save...</LanguageText>
    <Status>5</Status>
  </GeneralTexts>
  <GeneralTexts>
    <StringID>25</StringID>
    <LanguageID>9</LanguageID>
    <LanguageText>Select Language</LanguageText>
    <Status>5</Status>
  </GeneralTexts>
  <GeneralTexts>
    <StringID>18</StringID>
    <LanguageID>9</LanguageID>
    <LanguageText>Select all</LanguageText>
    <Status>5</Status>
  </GeneralTexts>
  <GeneralTexts>
    <StringID>27</StringID>
    <LanguageID>9</LanguageID>
    <LanguageText>About</LanguageText>
    <Status>5</Status>
  </GeneralTexts>
  <GeneralTexts>
    <StringID>26</StringID>
    <LanguageID>9</LanguageID>
    <LanguageText>Language</LanguageText>
    <Status>5</Status>
  </GeneralTexts>
  <GeneralTexts>
    <StringID>1</StringID>
    <LanguageID>9</LanguageID>
    <LanguageText>In this field there will be a text to be filled.In this field there will be a text to be filled.In this field there will be a text to be filled.In this field there will be a text to be filled.In this field there will be a text to be filled.</LanguageText>
    <Status>5</Status>
  </GeneralTexts>
  <GeneralTexts>
    <StringID>29</StringID>
    <LanguageID>9</LanguageID>
    <LanguageText>Title to be completed</LanguageText>
    <Status>5</Status>
  </GeneralTexts>
  <GeneralTexts>
    <StringID>31</StringID>
    <LanguageID>9</LanguageID>
    <LanguageText>Are you sure you want to start a new document?</LanguageText>
    <Status>5</Status>
  </GeneralTexts>
  <GeneralTexts>
    <StringID>33</StringID>
    <LanguageID>9</LanguageID>
    <LanguageText>Feedback Editor</LanguageText>
    <Status>5</Status>
  </GeneralTexts>
  <GeneralTexts>
    <StringID>35</StringID>
    <LanguageID>9</LanguageID>
    <LanguageText>Text Editor -</LanguageText>
    <Status>5</Status>
  </GeneralTexts>
  <GeneralTexts>
    <StringID>37</StringID>
    <LanguageID>9</LanguageID>
    <LanguageText>Comments Editor -</LanguageText>
    <Status>5</Status>
  </GeneralTexts>
  <GeneralTexts>
    <StringID>38</StringID>
    <LanguageID>9</LanguageID>
    <LanguageText>Are you sure you want to leave the editor?</LanguageText>
    <Status>5</Status>
  </GeneralTexts>
  <GeneralTexts>
    <StringID>40</StringID>
    <LanguageID>9</LanguageID>
    <LanguageText>Comments Editor - Untitled</LanguageText>
    <Status>5</Status>
  </GeneralTexts>
  <GeneralTexts>
    <StringID>41</StringID>
    <LanguageID>9</LanguageID>
    <LanguageText>Enter the text to be placed as a comment in the lower center:</LanguageText>
    <Status>5</Status>
  </GeneralTexts>
  <GeneralTexts>
    <StringID>42</StringID>
    <LanguageID>9</LanguageID>
    <LanguageText>Enter the text to be placed as a comment in the lower right:</LanguageText>
    <Status>5</Status>
  </GeneralTexts>
  <GeneralTexts>
    <StringID>44</StringID>
    <LanguageID>9</LanguageID>
    <LanguageText>Enter the text to be placed as a comment in the upper left:</LanguageText>
    <Status>5</Status>
  </GeneralTexts>
  <GeneralTexts>
    <StringID>46</StringID>
    <LanguageID>9</LanguageID>
    <LanguageText>Enter the text to be placed as a comment in the upper right:</LanguageText>
    <Status>5</Status>
  </GeneralTexts>
  <GeneralTexts>
    <StringID>48</StringID>
    <LanguageID>9</LanguageID>
    <LanguageText>Enter the text to be placed as a comment in the upper center:</LanguageText>
    <Status>5</Status>
  </GeneralTexts>
  <GeneralTexts>
    <StringID>50</StringID>
    <LanguageID>9</LanguageID>
    <LanguageText>Enter the text to be placed as a comment in the lower left:</LanguageText>
    <Status>5</Status>
  </GeneralTexts>
  <Properties>
    <Component>janelaSobre.vb</Component>
    <Name>RichTextBox1.Text</Name>
    <StringID>1</StringID>
    <Selected>true</Selected>
    <ResourceName>RichTextBox1.Text</ResourceName>
    <Hidden>false</Hidden>
  </Properties>
  <Properties>
    <Component>Form1.vb</Component>
    <Name>frmMain.Text</Name>
    <StringID>2</StringID>
    <Selected>true</Selected>
    <ResourceName>$this.Text</ResourceName>
    <Hidden>false</Hidden>
  </Properties>
  <Properties>
    <Component>Form1.vb</Component>
    <Name>NovoToolStripMenuItem.Text</Name>
    <StringID>3</StringID>
    <Selected>true</Selected>
    <ResourceName>NovoToolStripMenuItem.Text</ResourceName>
    <Hidden>false</Hidden>
  </Properties>
  <Properties>
    <Component>Form1.vb</Component>
    <Name>AbrirToolStripMenuItem.Text</Name>
    <StringID>4</StringID>
    <Selected>true</Selected>
    <ResourceName>AbrirToolStripMenuItem.Text</ResourceName>
    <Hidden>false</Hidden>
  </Properties>
  <Properties>
    <Component>Form1.vb</Component>
    <Name>SalvarToolStripMenuItem.Text</Name>
    <StringID>5</StringID>
    <Selected>true</Selected>
    <ResourceName>SalvarToolStripMenuItem.Text</ResourceName>
    <Hidden>false</Hidden>
  </Properties>
  <Properties>
    <Component>Form1.vb</Component>
    <Name>SairToolStripMenuItem.Text</Name>
    <StringID>6</StringID>
    <Selected>true</Selected>
    <ResourceName>SairToolStripMenuItem.Text</ResourceName>
    <Hidden>false</Hidden>
  </Properties>
  <Properties>
    <Component>Form1.vb</Component>
    <Name>ArquivoToolStripMenuItem.Text</Name>
    <StringID>7</StringID>
    <Selected>true</Selected>
    <ResourceName>ArquivoToolStripMenuItem.Text</ResourceName>
    <Hidden>false</Hidden>
  </Properties>
  <Properties>
    <Component>Form1.vb</Component>
    <Name>RecoortarToolStripMenuItem.Text</Name>
    <StringID>8</StringID>
    <Selected>true</Selected>
    <ResourceName>RecoortarToolStripMenuItem.Text</ResourceName>
    <Hidden>false</Hidden>
  </Properties>
  <Properties>
    <Component>Form1.vb</Component>
    <Name>CopiarToolStripMenuItem.Text</Name>
    <StringID>9</StringID>
    <Selected>true</Selected>
    <ResourceName>CopiarToolStripMenuItem.Text</ResourceName>
    <Hidden>false</Hidden>
  </Properties>
  <Properties>
    <Component>Form1.vb</Component>
    <Name>ColarToolStripMenuItem.Text</Name>
    <StringID>10</StringID>
    <Selected>true</Selected>
    <ResourceName>ColarToolStripMenuItem.Text</ResourceName>
    <Hidden>false</Hidden>
  </Properties>
  <Properties>
    <Component>Form1.vb</Component>
    <Name>DeletarToolStripMenuItem.Text</Name>
    <StringID>11</StringID>
    <Selected>true</Selected>
    <ResourceName>DeletarToolStripMenuItem.Text</ResourceName>
    <Hidden>false</Hidden>
  </Properties>
  <Properties>
    <Component>Form1.vb</Component>
    <Name>CentroInferiorToolStripMenuItem.Text</Name>
    <StringID>12</StringID>
    <Selected>true</Selected>
    <ResourceName>CentroInferiorToolStripMenuItem.Text</ResourceName>
    <Hidden>false</Hidden>
  </Properties>
  <Properties>
    <Component>Form1.vb</Component>
    <Name>CentroSuperiorToolStripMenuItem.Text</Name>
    <StringID>13</StringID>
    <Selected>true</Selected>
    <ResourceName>CentroSuperiorToolStripMenuItem.Text</ResourceName>
    <Hidden>false</Hidden>
  </Properties>
  <Properties>
    <Component>Form1.vb</Component>
    <Name>CentroMeioToolStripMenuItem.Text</Name>
    <StringID>14</StringID>
    <Selected>true</Selected>
    <ResourceName>CentroMeioToolStripMenuItem.Text</ResourceName>
    <Hidden>false</Hidden>
  </Properties>
  <Properties>
    <Component>Form1.vb</Component>
    <Name>DireitaInferiorToolStripMenuItem1.Text</Name>
    <StringID>12</StringID>
    <Selected>true</Selected>
    <ResourceName>DireitaInferiorToolStripMenuItem1.Text</ResourceName>
    <Hidden>false</Hidden>
  </Properties>
  <Properties>
    <Component>Form1.vb</Component>
    <Name>DireitaSuperiorToolStripMenuItem1.Text</Name>
    <StringID>13</StringID>
    <Selected>true</Selected>
    <ResourceName>DireitaSuperiorToolStripMenuItem1.Text</ResourceName>
    <Hidden>false</Hidden>
  </Properties>
  <Properties>
    <Component>Form1.vb</Component>
    <Name>DireitaToolStripMenuItem.Text</Name>
    <StringID>15</StringID>
    <Selected>true</Selected>
    <ResourceName>DireitaToolStripMenuItem.Text</ResourceName>
    <Hidden>false</Hidden>
  </Properties>
  <Properties>
    <Component>Form1.vb</Component>
    <Name>EsquerdaInferiorToolStripMenuItem2.Text</Name>
    <StringID>12</StringID>
    <Selected>true</Selected>
    <ResourceName>EsquerdaInferiorToolStripMenuItem2.Text</ResourceName>
    <Hidden>false</Hidden>
  </Properties>
  <Properties>
    <Component>Form1.vb</Component>
    <Name>EsquerdaSuperiorToolStripMenuItem2.Text</Name>
    <StringID>13</StringID>
    <Selected>true</Selected>
    <ResourceName>EsquerdaSuperiorToolStripMenuItem2.Text</ResourceName>
    <Hidden>false</Hidden>
  </Properties>
  <Properties>
    <Component>Form1.vb</Component>
    <Name>EsquerdaToolStripMenuItem.Text</Name>
    <StringID>16</StringID>
    <Selected>true</Selected>
    <ResourceName>EsquerdaToolStripMenuItem.Text</ResourceName>
    <Hidden>false</Hidden>
  </Properties>
  <Properties>
    <Component>Form1.vb</Component>
    <Name>PosiçãaoDaLegendaToolStripMenuItem.Text</Name>
    <StringID>17</StringID>
    <Selected>true</Selected>
    <ResourceName>PosiçãaoDaLegendaToolStripMenuItem.Text</ResourceName>
    <Hidden>false</Hidden>
  </Properties>
  <Properties>
    <Component>Form1.vb</Component>
    <Name>SelecionarTudoToolStripMenuItem.Text</Name>
    <StringID>18</StringID>
    <Selected>true</Selected>
    <ResourceName>SelecionarTudoToolStripMenuItem.Text</ResourceName>
    <Hidden>false</Hidden>
  </Properties>
  <Properties>
    <Component>Form1.vb</Component>
    <Name>HoraDataToolStripMenuItem.Text</Name>
    <StringID>19</StringID>
    <Selected>true</Selected>
    <ResourceName>HoraDataToolStripMenuItem.Text</ResourceName>
    <Hidden>false</Hidden>
  </Properties>
  <Properties>
    <Component>Form1.vb</Component>
    <Name>EditarToolStripMenuItem.Text</Name>
    <StringID>20</StringID>
    <Selected>true</Selected>
    <ResourceName>EditarToolStripMenuItem.Text</ResourceName>
    <Hidden>false</Hidden>
  </Properties>
  <Properties>
    <Component>Form1.vb</Component>
    <Name>FonteToolStripMenuItem.Text</Name>
    <StringID>21</StringID>
    <Selected>true</Selected>
    <ResourceName>FonteToolStripMenuItem.Text</ResourceName>
    <Hidden>false</Hidden>
  </Properties>
  <Properties>
    <Component>Form1.vb</Component>
    <Name>CorToolStripMenuItem.Text</Name>
    <StringID>22</StringID>
    <Selected>true</Selected>
    <ResourceName>CorToolStripMenuItem.Text</ResourceName>
    <Hidden>false</Hidden>
  </Properties>
  <Properties>
    <Component>Form1.vb</Component>
    <Name>PlanoDeFundoToolStripMenuItem.Text</Name>
    <StringID>23</StringID>
    <Selected>true</Selected>
    <ResourceName>PlanoDeFundoToolStripMenuItem.Text</ResourceName>
    <Hidden>false</Hidden>
  </Properties>
  <Properties>
    <Component>Form1.vb</Component>
    <Name>FormatarToolStripMenuItem.Text</Name>
    <StringID>24</StringID>
    <Selected>true</Selected>
    <ResourceName>FormatarToolStripMenuItem.Text</ResourceName>
    <Hidden>false</Hidden>
  </Properties>
  <Properties>
    <Component>Form1.vb</Component>
    <Name>SelecionarIdiomaToolStripMenuItem.Text</Name>
    <StringID>25</StringID>
    <Selected>true</Selected>
    <ResourceName>SelecionarIdiomaToolStripMenuItem.Text</ResourceName>
    <Hidden>false</Hidden>
  </Properties>
  <Properties>
    <Component>Form1.vb</Component>
    <Name>ToolStripMenuItem1.Text</Name>
    <StringID>26</StringID>
    <Selected>true</Selected>
    <ResourceName>ToolStripMenuItem1.Text</ResourceName>
    <Hidden>false</Hidden>
  </Properties>
  <Properties>
    <Component>Form1.vb</Component>
    <Name>SobreToolStripMenuItem.Text</Name>
    <StringID>27</StringID>
    <Selected>true</Selected>
    <ResourceName>SobreToolStripMenuItem.Text</ResourceName>
    <Hidden>false</Hidden>
  </Properties>
  <Properties>
    <Component>Form1.vb</Component>
    <Name>MenuStrip1.Text</Name>
    <StringID>28</StringID>
    <Selected>true</Selected>
    <ResourceName>MenuStrip1.Text</ResourceName>
    <Hidden>false</Hidden>
  </Properties>
  <Properties>
    <Component>janelaSobre.vb</Component>
    <Name>janelaSobre.Text</Name>
    <StringID>27</StringID>
    <Selected>true</Selected>
    <ResourceName>$this.Text</ResourceName>
    <Hidden>false</Hidden>
  </Properties>
  <Properties>
    <Component>janelaSobre.vb</Component>
    <Name>RichTextBox1.Lines(0)</Name>
    <StringID>1</StringID>
    <Selected>true</Selected>
    <ResourceName>RichTextBox1.Lines(0)</ResourceName>
    <Hidden>false</Hidden>
  </Properties>
  <Properties>
    <Component>janelaSobre.vb</Component>
    <Name>TextBox1.Text</Name>
    <StringID>29</StringID>
    <Selected>true</Selected>
    <ResourceName>TextBox1.Text</ResourceName>
    <Hidden>false</Hidden>
  </Properties>
  <Properties>
    <Component>janelaSobre.vb</Component>
    <Name>TextBox1.Lines(0)</Name>
    <StringID>29</StringID>
    <Selected>true</Selected>
    <ResourceName>TextBox1.Lines(0)</ResourceName>
    <Hidden>false</Hidden>
  </Properties>
  <Properties>
    <Component>SplashScreen1.vb</Component>
    <Name>ApplicationTitle.Text</Name>
    <StringID>30</StringID>
    <Selected>true</Selected>
    <ResourceName>ApplicationTitle.Text</ResourceName>
    <Hidden>false</Hidden>
  </Properties>
  <GeneralAttributes>
    <Name>XmlDatabaseVersion</Name>
    <TextValue>1</TextValue>
    <NumValue>1</NumValue>
  </GeneralAttributes>
  <GeneralAttributes>
    <Name>StatusHash</Name>
    <TextValue>0MvezJbmIVzZmS3ZpMVqgVo2Akk=</TextValue>
    <NumValue>0</NumValue>
  </GeneralAttributes>
  <GeneralAttributes>
    <Name>Dirty</Name>
    <TextValue>False</TextValue>
    <NumValue>0</NumValue>
  </GeneralAttributes>
  <GeneralAttributes>
    <Name>OriginalLanguageIetfTag</Name>
    <TextValue>pt-BR</TextValue>
    <NumValue>0</NumValue>
  </GeneralAttributes>
  <GeneralAttributes>
    <Name>MaxMLIdForXaml</Name>
    <TextValue>-1</TextValue>
    <NumValue>-1</NumValue>
  </GeneralAttributes>
</MdbTranslationStore>